level,id,label,description,value,parent,density,density_rank,density_rank_percentile
1,1_4,AIによるエンタメと研究革新,AIの導入により、エンターテイメント業界ではパーソナライズされたコンテンツが提供され、研究開発では新たな発見が促進されます。これにより、両分野で新しい価値が創造されることが期待されています。,26,0,1.9044153084299613,1,0.125
1,1_3,AIによる業務効率化,AI技術の導入が業務プロセスの効率化や生産性向上に寄与し、特に製造業や物流における自動化が期待されています。これにより、企業はより効果的な意思決定を行い、持続可能な成長を目指すことが可能になります。,55,0,1.5168404950095804,3,0.375
1,1_7,AIによる公共安全と福祉向上,AI技術の導入が社会保障システムや公共安全の効率化に寄与し、情報の迅速な共有やプロセスの最適化が期待されています。自動監視システムが治安維持において重要な役割を果たすことが示唆されています。,52,0,1.3240830975959765,4,0.5
1,1_8,AIによる公共サービスの効率化,AI技術の導入が公共サービスのデジタル化を進め、業務の効率化や都市インフラの最適化に寄与します。安全対策や防犯システムの向上が期待され、生活の質の向上にもつながると考えられています。,64,0,1.2584357828505117,6,0.75
1,1_1,AIによる顧客体験向上,AIの導入により、企業はデータ管理やカスタマーエクスペリエンスを向上させ、個別ニーズに基づくサービス提供が可能になります。デジタルマーケティングや生産プロセスの効率化を通じて、顧客満足度と業務効率の同時向上が期待されています。,93,0,0.9868638047580952,8,1.0
1,1_6,AIによる持続可能な社会構築,AI技術が持続可能な社会の実現に向けて重要な役割を果たし、都市計画やエネルギー効率化、環境問題の解決に寄与します。自然災害への迅速な対応が可能になることが期待されています。,46,0,1.2364484176983404,7,0.875
1,1_5,AIによる医療と教育の革新,AI技術が医療、教育、日常生活に革新をもたらし、診断や治療の質向上、個別最適化された学習を実現します。リモートワークの効率化や介護支援の可能性を広げ、生活の質向上が期待されています。,50,0,1.2624239336546912,5,0.625
1,1_2,AIによる国際交流促進,AI技術の進化が国際的なコミュニケーションを円滑にし、雇用創出やデジタル経済の発展を促進します。教育分野での革新や国民生活の質向上にも寄与し、未来社会の課題解決に向けた変化が期待されています。,36,0,1.5918732083431524,2,0.25
2,2_37,AIによる創造性と革新性の促進,この意見グループは、AIが製品開発や文化・芸術の分野において創造性を高め、革新をもたらす可能性に焦点を当てています。AIが新しいアイデアやアプローチを刺激するツールとして機能し、従来の枠を超えた発展を促進することへの期待が表れています。,6,1_4,6.233731598801986,7,0.175
2,2_7,AIによる研究開発の革新と新発見の促進,この意見グループは、AIが研究開発分野において新たな発見を促進し、科学研究や新製品開発のプロセスを加速させる重要な役割を果たすことに焦点を当てています。AIの活用により、従来の手法では難しかったシミュレーションや分析が可能になり、革新的な成果を生み出す可能性が高まることが示唆されています。,12,1_4,4.114268094216088,23,0.575
2,2_32,AIによる企業競争力の強化とデータ戦略の革新,この意見グループは、AIの進化が企業の競争戦略に与える影響に焦点を当てています。AIを活用することで、企業はデータ戦略に新たな価値を見出し、市場分析の精度を向上させることができるという前向きな見解が示されています。,15,1_1,3.58467389732567,29,0.725
2,2_35,AIによる遠隔医療の革新と診断・治療の進化,この意見グループは、AI技術が遠隔医療の普及に寄与し、リモート診断や治療において画期的な成果を上げていることに焦点を当てています。AIの進化が医療分野における診断や治療の質を向上させる期待が高まっている点が共通しています。,12,1_5,5.274435840743971,12,0.3
2,2_10,製造業と農業におけるAIの自動化と効率化の推進,この意見グループは、製造業と農業におけるAIの導入が、業務の自動化や効率改善に寄与するという点に焦点を当てています。特に、AIが製造プロセスの自動化やスマート農業の実現において重要な役割を果たすことが期待されていることが共通のテーマです。,12,1_3,3.0713137395155083,37,0.925
2,2_27,AIによる透明性向上と信頼構築,この意見グループは、AIの透明性が向上することでユーザーの信頼が深まり、社会全体のデジタル化や公共サービスの透明性向上に寄与するという点に焦点を当てています。AI技術がもたらす信頼性の向上とその社会的影響についての前向きな見解が示されています。,11,1_8,2.610048153557747,40,1.0
2,2_18,AIによる災害予測と早期警戒システムの強化,この意見グループは、AI技術の導入によって自然災害の予測精度が向上し、早期警戒システムが強化されることに対する期待が表れています。特に、災害予測におけるAIの有効性や、被害を最小限に抑えるための取り組みが進んでいる点が強調されています。,10,1_6,5.1895645347767845,14,0.35
2,2_12,AI発展に伴う法整備と国際協力の重要性,この意見グループは、AIの進展に伴い新たな法律や規制の必要性が高まること、またそのためには国際的な協力が不可欠であるという認識が中心です。AIを取り巻く法整備が今後の重要な課題であることを強調しています。,17,1_7,3.158129085844318,34,0.85
2,2_31,産業界におけるAI導入による効率化と競争力強化,この意見グループは、産業界におけるAIの導入がもたらす効率向上、コスト削減、品質向上、そして競争力の強化に関する前向きな見解が中心です。AIと自動化技術の組み合わせにより、業界全体のパフォーマンスが向上する可能性が強調されています。,20,1_3,3.4541976123064204,32,0.8
2,2_38,AIによるデータ管理とカスタマーエクスペリエンスの向上,この意見グループは、AIを利用したシステムがデータ管理の効率化を実現し、さらにカスタマーエクスペリエンスやカスタマーサポートの向上に寄与することに焦点を当てています。AIの導入によって、業務プロセスが改善され、顧客満足度が高まるという前向きな見解が示されています。,6,1_1,5.7673429705161885,9,0.225
2,2_2,AIによる革新とビジネスモデルの変革,この意見グループは、AIの導入が従来のビジネスモデルを超え、企業に新たな価値を提供する可能性に焦点を当てています。AIを活用することで、製品開発のスピードが向上し、意思決定の精度が高まることが期待されており、これにより企業は競争力を強化できるという前向きな見解が示されています。,7,1_1,4.347415780339712,20,0.5
2,2_3,AIによる物流効率化と配送最適化,この意見グループは、AI技術が物流業界において複雑な問題を解決し、効率化や配送スピードの向上に寄与する可能性についての前向きな評価が中心です。AIを活用することで、物流プロセスの最適化が図られることが強調されています。,11,1_3,4.5808705064129995,18,0.45
2,2_14,AIの透明性と社会福祉への貢献,この意見グループは、AIのアルゴリズムに対する透明性の重要性と、AIが社会福祉分野において新たな解決策を提供する可能性に焦点を当てています。特に、AIが迅速に情報を提供する能力が、社会的な課題解決にどのように寄与するかについての期待が表れています。,9,1_7,3.134647735735797,35,0.875
2,2_5,公共交通とスマートホームにおけるAIの革新と生活向上,この意見グループは、公共交通の運行管理やスマートホームにおけるAIの導入が、システムの効率化や生活の質の向上に寄与するという前向きな見解を示しています。AIの活用がもたらす革新的な変化に対する期待が中心となっています。,9,1_8,3.5243895503025424,30,0.75
2,2_17,AIによるリモートワークの革新と支援システムの普及,この意見グループは、AI技術がリモートワークの新たな可能性を引き出し、作業環境の革新を促進することに焦点を当てています。また、AIを活用した支援システムの普及が期待され、リモートワークの効率性や生産性向上に寄与するという前向きな見解が示されています。,9,1_5,8.235423310630186,6,0.15
2,2_21,AI技術による業務プロセスとデータ解析の最適化,この意見グループは、AI技術が企業の業務プロセスや製造プロセスの効率化に寄与し、さらにデータ解析能力を向上させることに対する期待が表れています。AIの導入によって、業務全体の生産性が向上し、より効果的な意思決定が可能になるという点が強調されています。,12,1_3,4.084138364797483,24,0.6
2,2_26,AI技術による都市インフラと安全性の最適化,この意見グループは、AI技術が都市の交通システムやインフラの最適化に寄与するだけでなく、安全対策や防犯システムの向上にも役立つという点に焦点を当てています。都市の効率性と安全性を高めるためのAIの多様な応用可能性が示されています。,10,1_8,4.228663504632259,22,0.55
2,2_25,AIによる情報信頼性向上とフィルタリング機能の重要性,この意見グループは、AIが情報の信頼性を高めるためのツールとして期待されている点や、情報過多の時代においてAIが重要なフィルタリング機能を果たすことに対する評価が中心です。また、データバイアスの問題に対する懸念も示されており、AIの改善が求められています。,8,1_7,5.5891118183113715,10,0.25
2,2_0,AIによる医療現場の効率化と健康予測の向上,この意見グループは、AIの活用が医療現場において診断の迅速化や個人データの解析を通じた健康予測の実現に寄与すること、さらに医療従事者の負担を軽減する可能性についての前向きな意見が中心です。,15,1_5,3.4577437479585873,31,0.775
2,2_24,AIによるエネルギー効率化と持続可能な管理,この意見グループは、AIがエネルギー消費の最適化やリサイクル、廃棄物管理の効率化に寄与する可能性についての前向きな見解が中心です。AI技術が持続可能な社会の実現に向けて重要な役割を果たすことが期待されています。,11,1_6,4.70347666394365,16,0.4
2,2_4,AI技術による環境問題解決の革新,この意見グループは、AI技術が環境問題に対する新たな解決策としての可能性を持ち、特に環境監視や保護において重要な役割を果たすべきであるという前向きな見解が中心です。AIの導入が環境保護における技術革新を促進することに対する期待が表れています。,19,1_6,3.6113765995624028,28,0.7
2,2_16,AIによる教育の個別最適化と学習効果の向上,この意見グループは、AIが教育現場において新たな学習ツールとして機能し、個別最適化された学習を支援することにより、学習効果が向上するという期待に焦点を当てています。AIの導入によって、学生一人ひとりのニーズに応じた教育が可能になる点が強調されています。,10,1_5,10.117442414830435,2,0.05
2,2_22,AIによる自然な対話と国際交流の促進,この意見グループは、自然言語処理の進化によってAIが人間との対話をより自然に行えるようになること、そしてAIを活用した自動翻訳技術が国際交流を円滑に進める可能性についての期待が中心です。特に、翻訳技術の向上が国際的なコミュニケーションを促進するという点が強調されています。,7,1_2,3.2420238580232064,33,0.825
2,2_15,AIによる交通流の最適化と安全性向上,この意見グループは、AI技術の導入が交通流の管理や最適化に寄与し、交通量の効率的なコントロールを実現することに加え、交通事故の削減にもつながる可能性があるという点に焦点を当てています。,10,1_8,5.296160577767928,11,0.275
2,2_29,AI技術による雇用創出とデジタル経済の発展,この意見グループは、AI技術の進展が新たな市場や雇用を生み出す可能性に焦点を当てています。AIがデジタル経済の発展に不可欠であるとの認識があり、技術革新がもたらすポジティブな影響についての期待が表れています。,7,1_2,3.6508778385433462,27,0.675
2,2_33,AIによる自動運転技術の安全性向上,この意見グループは、AIが自動運転技術において交通安全を革新する可能性に焦点を当てています。AIの進化が自動運転車の安全性を高める重要な要素であるとの認識が強く、今後の技術発展に対する期待感が表れています。,6,1_8,10.446546060768668,1,0.025
2,2_9,AI技術の進化による教育と社会の変革,この意見グループは、AI技術の進歩が教育方法や環境の変革を促進し、未来社会の課題解決に寄与する可能性や、各国の規制整備を促す影響についての考察が中心です。AIの進化がもたらす多面的な変化に対する期待と懸念が表れています。,15,1_2,4.303051167701121,21,0.525
2,2_20,AIによる治安維持と自動監視システムの重要性,この意見グループは、AIシステムの運用における専門家の監視の必要性と、AIを活用した自動監視システムが防犯対策や治安維持において効果的であることに焦点を当てています。特に、AIの導入が犯罪予防に寄与する可能性についての前向きな見解が示されています。,8,1_7,3.9037784095735786,26,0.65
2,2_28,公共サービスのデジタル化と効率化に向けたAIの活用,この意見グループは、AI技術が公共施設や行政サービスの管理において、効率性を向上させる革新的なソリューションを提供することに焦点を当てています。特に、公共サービスのデジタル化を進めることで、業務の効率化が実現されるという期待が表れています。,13,1_8,5.812379894126293,8,0.2
2,2_36,日常生活におけるAIの利便性と介護支援の可能性,この意見グループは、AIが音声アシスタントとして日常生活を支える役割や、様々な場面での便利さを提供することに加え、特に介護現場におけるロボットの活用による支援の可能性についての期待が表れています。AIの導入が生活の質を向上させることへの前向きな見解が中心です。,4,1_5,5.229142848033961,13,0.325
2,2_39,AIによる都市インフラの効率化と安全性向上,この意見グループは、AIが都市のインフラ整備や管理において重要な役割を果たすべきであるという考えに基づいています。具体的には、AIを活用することで都市計画の効率化やインフラ管理の最適化が可能になり、さらに都市の安全対策においてもその効果が期待される点が強調されています。,5,1_8,8.774432401229783,4,0.1
2,2_23,AIによる個別ニーズ対応のカスタマイズサービス,この意見グループは、AIがユーザーの個々のニーズや嗜好に基づいてカスタマイズされたサービスやソリューションを提供できる点に焦点を当てています。AIの活用により、よりパーソナライズされた体験が実現されることへの期待が表れています。,11,1_1,2.975896474559818,38,0.95
2,2_13,AIによるデジタルマーケティング戦略の最適化とスピード向上,この意見グループは、AIがデジタルマーケティングにおいて戦略策定やデータ解析において重要な役割を果たすことに焦点を当てています。特に、AI技術がマーケティング戦略の最適化や分析のスピード向上に寄与することが期待されており、効率的なマーケティング活動の実現に向けた前向きな意見が集まっています。,12,1_1,3.9169243500212914,25,0.625
2,2_30,AIによるビッグデータ解析の革新と政策決定への影響,この意見グループは、AIがビッグデータ解析において新しい手法を提供し、政策決定においても新たな視点をもたらす可能性についての評価が中心です。AIの活用により、従来のデータ解析の枠を超えた新しいアプローチが示されており、ビッグデータの活用方法が革新されることが期待されています。,13,1_1,5.143161404976043,15,0.375
2,2_6,AIによるエンターテイメント体験のパーソナライズと革新,この意見グループは、AIがエンターテイメントコンテンツのパーソナライズを通じて、ユーザーに対してより魅力的で革新的な体験を提供する可能性に焦点を当てています。AIの活用により、個々の好みに応じたコンテンツが提供され、エンターテイメント業界全体に新たな価値が生まれることが期待されています。,8,1_4,8.289104784309329,5,0.125
2,2_34,AI技術による国民生活の質向上と教育の革新,この意見グループは、AI技術の進展が国民生活の質を向上させる可能性に焦点を当てており、特に教育分野における個別指導の新たなアプローチや、ユーザー教育の重要性が強調されています。AIの応用がもたらす利点と、それを最大限に活かすための教育的側面が中心的なテーマです。,7,1_2,2.6296965609788616,39,0.975
2,2_8,AIによる金融市場の安全性向上とリスク管理の革新,この意見グループは、AI技術が金融市場において不正検知やリスク管理の分野で重要な役割を果たすべきであるという考えに基づいています。AIの導入により、金融取引の安全性が向上し、リスク管理がより効果的に行えるようになることが期待されています。,15,1_1,4.453906137693343,19,0.475
2,2_1,AIによる社会システムの効率化と公共安全の向上,この意見グループは、AIが社会保障システムや公共安全分野において、情報の効率的な共有やプロセスの最適化を通じて、全体的な効率化に寄与する可能性についての前向きな見解が中心です。,10,1_7,3.098514038227946,36,0.9
2,2_11,AIによる持続可能な社会の実現と都市計画の推進,この意見グループは、AIが持続可能な社会の構築において重要な役割を果たすことに焦点を当てています。特に、都市計画における持続可能な開発の推進や、全体的な持続可能性の向上に寄与する可能性についての前向きな見解が示されています。,6,1_6,9.024875537321533,3,0.075
2,2_19,AIによる企業の生産プロセス最適化と業務効率向上,この意見グループは、AIを活用することで企業の生産プロセスが最適化され、業務の自動化が進むことによって効率が向上するという点に焦点を当てています。AIが企業内の業務プロセスにおいて重要な役割を果たすことが強調されており、業務効率の向上が期待されることが共通のテーマとなっています。,14,1_1,4.624265633645191,17,0.425
